date_found,tactic,domain,url,page_title,evidence,competitors_present,contact_name,contact_email,link_target,template,status,last_action_date,follow_ups,result,notes
2026-07-15,listicle,thewearify.com,https://thewearify.com/best-glasses-for-big-heads/,7 Best Glasses For Big Heads,"Wide-fit listicle (Oakley/Armani picks), no Italian-acetate wide-fit indie option; Woolet's exact niche",,,,https://woolet.co/en,T1-listicle-gap,new,2026-07-15,0,,[DR=18 TIER-B] Needs page fetch to verify author/date/affiliate before draft
2026-07-15,listicle,drink4good.com,https://drink4good.com/best-glasses-for-big-heads/,7 Best Glasses For Big Heads,"Wide-fit listicle; recommends Roderer/mainstream brands, no wide-fit acetate specialist",,,,https://woolet.co/en,T1-listicle-gap,new,2026-07-15,0,,[DR=5 DROP-quality-floor] Verify quality floor (may be thin affiliate site)
2026-07-15,listicle,fashionbeans.com,https://www.fashionbeans.com/article/best-sunglasses-for-big-heads/,8 Best Sunglasses for Big Heads 2026,Major fashion pub; 2026-dated big-heads roundup; no wide-fit acetate indie,,,,https://woolet.co/en,T1-listicle-gap,new,2026-07-15,0,,[DR=73 TIER-A] High priority — strong domain; check if Woolet sun models exist first
2026-07-15,listicle,opti-illusions.com,https://opti-illusions.com/how-to-select-the-best-glasses-for-wide-faces/,Select the Best Glasses for Wide Faces,Optician guide on wide-face fit; resource-page pattern,,,,https://woolet.co/en,T1-listicle-gap,new,2026-07-15,0,,[DR=27 TIER-B] Educational guide — pitch as fit-measurement resource add
2026-07-15,listicle,vieweyewear.com,https://vieweyewear.com/blog/best-luxury-eyewear-brands-2026,Best Luxury Eyewear Brands of 2026 — Independent Designer Edit,Indie luxury edit (JMM/Chrome Hearts tier); no wide-fit or new-indie category,Jacques Marie Mage,,,https://woolet.co/en,T1-listicle-gap,new,2026-07-15,0,,[DR=20 TIER-B] Optician-shop blog; verify editorial contact
2026-07-15,listicle,apetogentleman.com,https://www.apetogentleman.com/best-luxury-eyewear-brands/,Top 10 Luxury Eyewear Brands For Men 2026,Luxury roundup w/ Tom Davies Cubitts Lindberg; likely affiliate,Tom Davies;Cubitts;Lindberg,,,https://woolet.co/en,T1-listicle-gap,new,2026-07-15,0,,[DR=64 TIER-A] Affiliate-driven — lead with partner angle if confirmed
2026-07-15,listicle,ldnfashion.com,https://www.ldnfashion.com/features/best-glasses-brands/,Best Glasses Brands to Shop in 2026,UK fashion pub brand roundup incl Cubitts,Cubitts,,,https://woolet.co/en,T1-listicle-gap,new,2026-07-15,0,,[DR=44 TIER-B]
2026-07-15,listicle,ezcontacts.com,https://www.ezcontacts.com/blog/top-26-eyewear-brands-for-2026/,Top 26 Eyewear Brands for 2026,Retailer blog; broad brand list,,,,https://woolet.co/en,T1-listicle-gap,new,2026-07-15,0,,[DR=46 TIER-B] Retailer — lower priority (lists brands they stock)
2026-07-15,competitor-backlink,readsunoptical.com,https://www.readsunoptical.com/blog/Top-10-Independent-Eyewear-Companies-The-2026-Industry-Report_b20786,Top 10 Independent Eyewear Companies 2026,Industry-report pattern; covers indie category Woolet belongs to,,,,https://woolet.co/en,T2-pattern-pitch,new,2026-07-15,0,,[DR=14 TIER-C niche-fit-keep] Trade pub — founder-story / launch-news pitch after Kickstarter
2026-07-15,competitor-backlink,forbes.com,https://www.forbes.com/sites/larryolmsted/2026/02/03/a-new-way-to-buy-custom-eyeglasses-for-perfect-bespoke-fit-and-style/,A New Way To Buy Custom Eyeglasses (Breezm),Journalist Larry Olmsted covers custom-fit eyewear tech (Breezm AI+3D),Breezm,Larry Olmsted,,https://woolet.co/en,T2-pattern-pitch,new,2026-07-15,0,,[DR=94 TIER-A] Perfect beat match: wide-fit precision + Kickstarter data story; pitch at launch
2026-07-15,listicle,thegoodtrade.com,https://www.thegoodtrade.com/features/eco-friendly-sunglasses-brands/,7 Sustainable Sunglasses Brands (2026 Editor Review),Top sustainable-fashion pub; bio-acetate qualifies; no wide-fit sustainable option,,,,https://woolet.co/en,T1-listicle-gap,new,2026-07-15,0,,[DR=77 TIER-A] High authority; editor-reviewed — needs strong sustainability proof points
2026-07-15,listicle,theroundup.org,https://theroundup.org/eco-friendly-sustainable-sunglasses-reviewed/,5 Best Eco-Friendly Sunglasses 2026,Sustainable review site; bio-acetate angle,,,,https://woolet.co/en,T1-listicle-gap,new,2026-07-15,0,,[DR=73 TIER-A]
2026-07-15,listicle,goodonyou.eco,https://goodonyou.eco/sustainable-sunglasses/,Ethical and Sustainable Sunglasses,Authority ethical-fashion rating site,,,,https://woolet.co/en,T1-listicle-gap,new,2026-07-15,0,,[DR=79 TIER-A] They rate brands — may require formal sustainability disclosure
2026-07-15,listicle,ourgoodbrands.com,https://ourgoodbrands.com/eco-friendly-eyewear-brands-him-her/,10 Eco-friendly Eyewear Brands,Eco listicle him/her; bio-acetate fits,,,,https://woolet.co/en,T1-listicle-gap,new,2026-07-15,0,,[DR=41 TIER-B]
2026-07-15,listicle,nokillmag.com,https://www.nokillmag.com/articles/top-ten-eco-friendly-sunglasses-brands-we-love/,Top Ten Eco-Friendly Sunglasses Brands,Vegan/ethical fashion mag roundup,,,,https://woolet.co/en,T1-listicle-gap,new,2026-07-15,0,,[DR=46 TIER-B]
2026-07-15,listicle,fatgirlflow.com,https://fatgirlflow.com/plus-size-eyewear-sol-kyst-sunglasses-for-wide-faces/,Plus Size Eyewear: Sol Kyst Sunglasses For Wide Faces,Plus-size fashion blog covering wide-fit eyewear; recommends Sol Kyst; new adjacent cluster,Sol Kyst,,,https://woolet.co/en,T1-listicle-gap,new,2026-07-15,0,,[DR=43 TIER-B] Warm angle: brand built FOR wide faces not scaled up; verify blog activity
2026-07-20,listicle,markus-hagner-photography.com,https://markus-hagner-photography.com/best-sunglasses-for-big-heads/,8 Best Sunglasses for Big Heads (July 2026),"Fresh July-2026 roundup; top pick WILDZEN 158mm — exact Woolet spec match, no premium acetate option",WILDZEN;MAXJULI;goodr,,,https://woolet.co/en,T1-listicle-gap,new,2026-07-20,0,,[DR=17 TIER-C niche-fit-keep] UPDATED MONTHLY (Aug 2026 refresh seen) — actively maintained; TOP outreach priority; pitch Woolet as premium Italian-acetate 158mm counterpart
2026-07-20,listicle,bestproducts.guide,https://www.bestproducts.guide/best-glasses-for-big-heads/,Best Glasses for Big Heads — 2026 Reviews,2026 big-heads review roundup,,,,https://woolet.co/en,T1-listicle-gap,new,2026-07-20,0,,[DR=0 DROP-quality-floor] Verify quality floor (aggregator-style domain)
2026-07-20,listicle,goodluuk.com,https://goodluuk.com/blogs/glasses/how-to-choose-glasses-for-your-face-shape-the-ultimate-2026-guide,How to Choose Glasses for Your Face Shape — 2026 Guide,Face-shape guide; wide-face section candidate for resource add,,,,https://woolet.co/en,T1-listicle-gap,new,2026-07-20,0,,[DR=3.7 DROP-quality-floor]
2026-07-20,listicle,themodestman.com,https://www.themodestman.com/warby-parker-alternatives/,Warby Parker Alternatives for All Budgets,"Established men's style blog; premium alternatives list, no wide-fit specialist",Ace & Tate;Nerdy Frames,,,https://woolet.co/en,T1-listicle-gap,new,2026-07-20,0,,[DR=65 TIER-A] Strong domain in men's style niche
2026-07-20,listicle,irreverentgent.com,https://www.irreverentgent.com/best-warby-parker-alternatives/,The 11 Best Warby Parker Alternatives (January 2026),Fresh 2026 WP-alternatives list; affiliate men's style blog,Tomahawk Shades,,,https://woolet.co/en,T1-listicle-gap,new,2026-07-20,0,,[DR=39 TIER-B] Affiliate-driven — partner angle
2026-07-20,listicle,modernfellows.com,https://www.modernfellows.com/alternatives-to-warby-parker/,25 Alternatives to Warby Parker,Large WP-alternatives roundup incl. sustainable brands (Bird Eyewear),Bird Eyewear;Ace & Tate,,,https://woolet.co/en,T1-listicle-gap,new,2026-07-20,0,,[DR=54 TIER-B]
2026-07-27,listicle,ecocult.com,https://ecocult.com/acetate-sunglasses-eco-friendly-greenwashing-sustainable/,Acetate Sunglasses: Eco-Friendly or Just Greenwashing?,Respected sustainable-fashion pub; deep-dive on acetate greenwashing — perfect fit for Mazzucchelli bio-acetate transparency angle + future stats-page citation,,,,https://woolet.co/en,T1-listicle-gap,new,2026-07-27,0,,[DR=67 TIER-A] High priority; also T4/T7 target once stats page live
2026-07-27,listicle,varaderovision.com,https://varaderovision.com/blogs/news/best-independent-luxury-eyewear-brands,Best Independent Luxury Eyewear Brands (2026 Honest Guide),Indie-luxury guide (JMM/Barton Perreira/Lindberg tier); notes sub-$700 entry segment — Woolet fits new-indie slot,Jacques Marie Mage;Barton Perreira;Lindberg;Garrett Leight,,,https://woolet.co/en,T1-listicle-gap,new,2026-07-27,0,,[DR=0 DROP-quality-floor]
2026-07-27,listicle,blog.designereyes.com,https://blog.designereyes.com/best-luxury-eyewear-brands-2026,5 Luxury Eyewear Brands Defining 2026,Retailer blog luxury roundup (Cartier/JMM),Jacques Marie Mage,,,https://woolet.co/en,T1-listicle-gap,new,2026-07-27,0,,[DR=39 TIER-B] Retailer blog — lower priority
2026-07-27,competitor-backlink,kickstarter.com,https://www.kickstarter.com/projects/breezm/breezm-custom-fit-eyewear-made-through-advanced-technology,Breezm + REFRAMD fit-eyewear Kickstarter campaigns,"Pattern intel: fit-focused eyewear KS campaigns (Breezm custom-fit, REFRAMD nose-profile) — map who covered them and pitch same outlets at Woolet launch",Breezm;REFRAMD,,,https://woolet.co/en,T2-pattern-pitch,new,2026-07-27,0,,Pre-launch research task: list press covering these campaigns
2026-08-03,listicle,malefashionadvice.substack.com,https://malefashionadvice.substack.com/p/a-guide-to-glasses-and-a-word-on,A Guide to Glasses,"Independent men's-fashion Substack glasses guide — editorial, engaged audience; wide-fit specialist angle absent",,,,https://woolet.co/en,T1-listicle-gap,new,2026-08-03,0,,[DR=platform-94 TIER-B] Substack — contact = reply/note; verify fit section after fetch
2026-08-10,moving-man,madeeyewear-defunct,https://d3.harvard.edu/platform-rctom/?p=3557,Made Eyewear (defunct custom-eyewear startup),T7 lead: Made Eyewear appears discontinued — find pages still linking to madeeyewear.com and offer current made-to-order/wide-fit resource as replacement,Made Eyewear,,,https://woolet.co/en,T7-moving-man,new,2026-08-10,0,,Research task: verify shutdown + map referring pages (needs fetch/Wayback)
2026-08-17,listicle,nauticamalibutri.com,https://www.nauticamalibutri.com/best-sunglasses-for-big-heads/,15 Best Sunglasses for Big Heads (July 2026) Expert Guide,"Fresh expert-guide roundup in Woolet's exact niche; features PRIVEL/SKYOAK XXL 158-159mm, no premium acetate",PRIVEL;SKYOAK,,,https://woolet.co/en,T1-listicle-gap,new,2026-08-17,0,,[DR=28 TIER-B]
2026-08-17,listicle,sunglasseshook.com,https://sunglasseshook.com/best-sunglasses-for-big-heads/,10 Best Sunglasses for Big Heads in 2026,Sunglasses review site; big-heads roundup 2026,,,,https://woolet.co/en,T1-listicle-gap,new,2026-08-17,0,,[DR=0 DROP-quality-floor] Verify quality floor
2026-08-24,listicle,alexanderdaas.com,https://alexanderdaas.com/blogs/all/the-best-independent-eyewear-brands,The Best Independent Eyewear Brands of 2026,Optician-boutique editorial listing indie brands (Akoni/Matsuda/JMM/AHLEM/Lohause); no wide-fit indie represented,Jacques Marie Mage,,,https://woolet.co/en,T1-listicle-gap,new,2026-08-24,0,,[DR=28 TIER-B] Retailer-boutique blog; genuine editorial
2026-08-31,listicle,abc7news.com,https://abc7news.com/post/best-eyeglasses-eyewear-2026-transform-look-picks/19715240/,Best eyeglasses and eyewear for 2026 (ABC syndicated),Commerce roundup syndicated across 6+ ABC station domains (abc7news/abc7chicago/abc7ny/abc30/abc7/abc11); already features wide-fit acetate (Eyebobs) — one placement = links from entire network,Eyebobs;Ray-Ban;Oakley,,,https://woolet.co/en,T1-listicle-gap,new,2026-08-31,0,,[DR=83 TIER-A] HIGH VALUE: syndication multiplier; find the commerce-team contact (likely central shopping desk not station)
2026-09-03,competitor-backlink,mendeserve.com,https://mendeserve.com/blogs/lifestyle/glasses-for-oblong-face-shapes-for-men,Perfect 10 Glasses for Oblong Face Shapes for Men,Men's lifestyle blog; dofollow editorial link to EYESHELLS (anchor: eyeshells) in a face-shape glasses guide - already cites the wide-fit category; found via Ahrefs referring-domains on eyeshells.com,EYESHELLS,,,https://woolet.co/en/blog/best-glasses-for-big-heads-2026,T2-pattern-pitch,new,2026-09-03,0,,[DR=43 TIER-B] Pitch: add Woolet to the guide or a new big-heads/wide-face piece; verify author + whether Shopify blog accepts edits
2026-09-05,reclamation,spidersweb.pl,http://www.spidersweb.pl/2017/04/woolet-tracker-recenzja.html,Woolet Tracker recenzja,Legacy dofollow link to shop.woolet.co/products/woolet-tracker,,,kontakt@spidersweb.pl (partnerstwa); tips via spidersweb.pl/kontakt,https://woolet.co/en,T6-reclamation,drafted,2026-09-05,0,,[DR=75 dofollow] Comeback-story pitch PL; draft in support@woolet.co; find editor email before sending
2026-09-05,reclamation,mamstartup.pl,http://mamstartup.pl/inside/10326/technologie,Woolet po Kickstarterze,Legacy nofollow link; wrote the post-KS story — sequel pitch,,Przemyslaw Zielinski (red. nacz.),redakcja@mamstartup.pl,https://woolet.co/en,T6-reclamation,drafted,2026-09-05,0,,[DR=71] Draft PL in support@woolet.co
2026-09-05,reclamation,antyweb.pl,http://antyweb.pl/recenzja-woolet/,Recenzja Woolet,Legacy nofollow link to shop.woolet.co,,Tomasz Popielarczyk (red. prowadzacy),tomasz.popielarczyk@antyweb.pl,https://woolet.co/en,T6-reclamation,drafted,2026-09-05,0,,[DR=72] Draft PL in support@woolet.co
2026-09-05,reclamation,cultofmac.com,https://www.cultofmac.com/478525/woolet-smart-wallet-youll-never-lose-review/,Woolet smart wallet review,Legacy dofollow link to shop.woolet.co/collections/wallets,,,see cultofmac.com/about (tips/feedback emails listed there),https://woolet.co/en,T6-reclamation,drafted,2026-09-05,0,,[DR=80 dofollow] Draft EN in support@woolet.co
2026-09-05,reclamation,thegadgetflow.com,http://thegadgetflow.com/portfolio/woolet-smart-slim-wallet/,Woolet Smart Slim Wallet listing,Legacy dofollow Buy-Now link; relist opportunity at launch,,,support@thegadgetflow.com + relist form thegadgetflow.com/submit,https://woolet.co/en,T6-reclamation,drafted,2026-09-05,0,,[DR=73 dofollow] Draft EN in support@woolet.co
2026-09-05,reclamation,tecmundo.com.br,http://m.tecmundo.com.br/gadgets/115095-carteira-inteligente-woolet-late-voce-nao-esqueca.htm,Carteira inteligente Woolet,Legacy dofollow link,,,no public email; pautas via WhatsApp +55 41 9196-0191,https://woolet.co/en,T6-reclamation,drafted,2026-09-05,0,,[DR=79 dofollow] Draft EN in support@woolet.co
2026-09-05,reclamation,blesk.cz,http://www.blesk.cz/clanek/digital/458756/,Chytra penezenka Woolet,Legacy dofollow link,,,tip@blesk.cz,https://woolet.co/en,T6-reclamation,drafted,2026-09-05,0,,[DR=79 dofollow] Draft EN in support@woolet.co
2026-09-05,reclamation,zive.cz,http://www.zive.cz/bleskovky/chytra-penezenka-vas-upozorni-ze-vam-nekdo-leze-do-kapsy/sc-4-a-186735/,Chytra penezenka Woolet,Legacy dofollow link,,,contact form zive.cz/kontakt (Czech News Center),https://woolet.co/en,T6-reclamation,drafted,2026-09-05,0,,[DR=76 dofollow] Draft EN in support@woolet.co
2026-09-05,reclamation,kocpc.com.tw,https://www.kocpc.com.tw/archives/139649,Woolet 2.0 coverage,Legacy dofollow link,,,koc@kocpc.com.tw,https://woolet.co/en,T6-reclamation,drafted,2026-09-05,0,,[DR=60 dofollow] Draft EN in support@woolet.co
2026-09-07,mention,lambou-opticiens.com,https://www.lambou-opticiens.com/acetate-mazzucchelli-takiron-lunettes/,Acetate Mazzucchelli vs Takiron (Lambou Opticiens Montpellier),"FIRST ORGANIC EYEWEAR-ERA LINK: French optician article links dofollow to woolet.co/en/blog/what-is-italian-acetate-premium-eyewear",,,,https://woolet.co/en/blog/what-is-italian-acetate-premium-eyewear,T8-earned,linked,2026-09-07,0,link-earned,[DR=11 dofollow] Content hub earning links on its own; FR market opening
2026-09-07,mention,dejan.ai,https://authority.dejan.ai/woolet/,Woolet — AI Brand Authority Index,"Dofollow x2 from DR 71 SEO-industry domain (brand index profile)",,,,https://woolet.co/,T8-earned,linked,2026-09-07,0,link-earned,[DR=71 dofollow] Index profile — passive win
2026-10-06,listicle,chubstr.com,https://chubstr.com/resources/glasses-for-big-heads/,Answerland: Finding Glasses for Big Heads,"Big & tall magazine; 2019 answer recommends Fatheadz/Warby/Coastal/Lookmatic; Detour XL review 2025-07-04; site active 2026-09",Fatheadz;Warby Parker;Lookmatic;Detour,Bruce Sturgell,https://chubstr.com/contact,https://woolet.co/en/collections/glasses-for-big-heads,T1-listicle-gap,drafted,2026-10-06,0,,[DR=43 TIER-A] Draft 1 in Woolet-Link-Prospects-2026-10-06.md; offer 009 review pair
2026-10-06,press,yankodesign.com,https://www.yankodesign.com/2022/08/31/these-3d-printed-glasses-are-custom-designed-using-biometric-scans-of-your-face/,These 3D-printed glasses are custom-designed using biometric scans of your face,Covered Breezm face-scan Kickstarter; posts daily,Breezm,Vincent Nguyen,https://www.yankodesign.com/tips-publication/,https://woolet.co/en/lp/kickstarter,T3-launch,drafted,2026-10-06,0,,[DR=78 TIER-A] Draft 2; FitLens + Kickstarter angle
2026-10-06,resource,cwiczoczy.pl,https://cwiczoczy.pl/jak-mierzyc-oprawki-okularowe-bez-bledow-poradnik-z-wymiarami,Jak mierzyc oprawki okularowe bez bledow,Measuring guide stops at 135-145 mm temples; no wide-face section,,Rafal Wojcik,hello@cwiczoczy.pl,https://woolet.co/pl/okulary-na-zamowienie,T4-resource,drafted,2026-10-06,0,,[DR=32 TIER-A low traffic] Draft 3 PL
2026-10-06,listicle,oakleyforum.com,https://www.oakleyforum.com/guides/best-sunglasses-for-big-heads/,The Best Sunglasses for Big Heads [Top 5 Picks],"mm-based guide, tops out at 142 mm; Oakley guide lists Kato 150 mm (sport shield)",Costa;Oakley;Ray-Ban;Maui Jim,OakleyBoss,site contact link,https://woolet.co/en/blog/ray-ban-oakley-costa-maui-jim-sizes-for-big-heads,T4-resource,drafted,2026-10-06,0,,[DR=38 TIER-B] Draft 4; pitch after sizes post is live; + 3 forum threads for participation
2026-10-06,press,core77.com,https://www.core77.com/posts/109369/REFRAMD-Is-On-A-Mission-Make-Glasses-More-Inclusive,REFRAMD Is On A Mission Make Glasses More Inclusive,Kickstarter partner content on inclusive fit,REFRAMD,,https://www.core77.com/contact,https://woolet.co/en/lp/kickstarter,T2-pattern-pitch,drafted,2026-10-06,0,,[DR=79 TIER-B] Draft 5
2026-10-06,press,trendhunter.com,https://www.trendhunter.com/trends/frame-collection1,Wider Eyewear Frames,Covered Pair Eyewear Wider Base (2023),Pair Eyewear,Kalin Ned,needs digging (submission route),https://woolet.co/en/lp/kickstarter,T3-launch,drafted,2026-10-06,0,,[DR=82 TIER-B] Draft 6
2026-10-06,listicle,verygoodlord.com,https://verygoodlord.com/choisir-lunette-vue-homme/,LUNETTES et forme de visage : COMMENT CHOISIR ?,7 face shapes; no wide-face section; updated 2026-09-14,Atelier Particulier;Optic Duroc;Milan Lunetier,Arnaud Chanteloup,contact page / IG @verygoodlord,https://woolet.co/fr/lunettes-sur-mesure,T1-listicle-gap,drafted,2026-10-06,0,,[DR=46 TIER-B] Draft 7 FR
2026-10-06,resource,poudrevalleyeyecare.com,https://www.poudrevalleyeyecare.com/blog/frame-fit-guide-find-perfect-eyeglasses-for-your-face-shape/,Frame Fit Guide: Find Perfect Eyeglasses for Your Face Shape,Optician guide linking to Warby/Zenni try-on tools,Warby Parker;Zenni,,info@poudrevalleyeyecare.com,https://woolet.co/en/fit,T4-resource,drafted,2026-10-06,0,,[DR=19 TIER-B] Draft 8 FitLens resource ask
2026-10-06,press,theindustry.fashion,https://www.theindustry.fashion/afropolitan-eyewear-start-up-reframd-completes-successful-crowdfunding-campaign/,Afropolitan eyewear start-up REFRAMD completes successful crowdfunding campaign,Covered crowdfunded fit-inclusive eyewear,REFRAMD,Lauretta Roberts,https://www.theindustry.fashion/contact-us/,https://woolet.co/en/about,T2-pattern-pitch,drafted,2026-10-06,0,,[DR=69 TIER-B] Draft 9 founder story
2026-10-06,listicle,nolandanielwhite.substack.com,https://nolandanielwhite.substack.com/p/24-independent-eyewear-brands,24 Independent Eyewear Brands,Curated indie list framed against Luxottica,Jacques Marie Mage;Cutler & Gross;Lunettiq;Eyevan,Nolan Daniel White,Substack reply/DM,https://woolet.co/en/about,T1-listicle-gap,drafted,2026-10-06,0,,[DR=est TIER-B] Draft 10
2026-10-06,listicle,sportrx.com,https://www.sportrx.com/blog/sunglasses-for-big-heads/,Best Sunglasses for Big Heads & Wide Faces,SFW table tops out at 146 mm,Maui Jim;Nike;Costa;Zeal;Smith;Wiley X,Tess St. John,,https://woolet.co/en/blog/ray-ban-oakley-costa-maui-jim-sizes-for-big-heads,T4-resource,new,2026-10-06,0,,[DR=62 TIER-C] Retailer - citation ask only
2026-10-06,listicle,brillenstyling.de,https://www.brillenstyling.de/brillentipps-fuer-breites-gesicht/,Brillentipps fuer ein breites Gesicht,KGS association guide; no mm figures,Marion Ramm;Hoya;Porsche Design,Kerstin Kruschinski,needs digging (Impressum),https://woolet.co/de/brille-fuer-breites-gesicht,T4-resource,new,2026-10-06,0,,[DR=39 TIER-C] Member-brand bias
2026-10-06,resource,regivia.com,https://www.regivia.com/comment-relooker-son-visage/morphologie-et-forme-de-visage/homme-et-femme-comment-choisir-la-taille-de-ses-lunettes/,Quelle taille choisir pour ses lunettes ?,Names 135/140/145 mm standard widths,Happyview,Xavier,needs digging,https://woolet.co/fr/lunettes-sur-mesure,T4-resource,new,2026-10-06,0,,[DR=41 TIER-C]
2026-10-06,press,menshealth.de,https://www.menshealth.de/mode/die-richtige-brille-fuer-jedes-gesicht/,So findest du die richtige Brille fuer deine Gesichtsform,Face-shape article; no size coverage,Kapten & Son;Gucci;Saint Laurent,Christian Paetzold,,https://woolet.co/de/brille-fuer-breites-gesicht,T2-pattern-pitch,new,2026-10-06,0,,[DR=71 TIER-C] Story pitch only
2026-10-06,press,thezoereport.com,https://www.thezoereport.com/fashion/asian-fit-eyewear,3 Asian Fit Eyewear Brands,Inclusive-fit angle; mostly female audience,Mohala;Covry;TC Charton,Andrea Cheng,,https://woolet.co/en/about,T2-pattern-pitch,new,2026-10-06,0,,[DR=80 TIER-C]
2026-10-06,listicle,mrvintage.pl,https://mrvintage.pl/2014/10/jak-wybrac-okulary-korekcyjne.html,Jak wybrac okulary korekcyjne?,2014 men's style guide; activity unconfirmed,Persol;Oliver Peoples;Moscot,Michal Kedziora,Kontakt page,https://woolet.co/pl/okulary-na-zamowienie,T2-pattern-pitch,new,2026-10-06,0,,[DR=43 TIER-C] Check if blog still active
2026-10-06,listicle,blog.eyeconic.com,https://blog.eyeconic.com/tips-tricks-and-tech/Specialty-Sizing--The-Best-Glasses-for-Larger-Heads--Small-Faces--and-Low-Bridge-Frames.html,Specialty Sizing: The Best Glasses for Larger Heads,VSP retailer; one Longchamp pick,Longchamp,,,https://woolet.co/en/blog/glasses-for-wide-faces-guide,T1-listicle-gap,new,2026-10-06,0,,[DR=60 TIER-C] Retailer
2026-10-06,resource,kiwisizing.com,https://kiwisizing.com/blog/how-to-measure-your-face-for-glasses-frames/,How To Measure Your Face for Glasses,Sizing-app vendor guide,,,kiwi_app@staytuned.digital,https://woolet.co/en/blog/how-to-measure-face-width-for-glasses,T4-resource,new,2026-10-06,0,,[DR=75 TIER-C] FitLens case-study later
2026-10-06,listicle,helpster.de,https://www.helpster.de/brille-fuer-grossen-kopf-so-waehlen-sie-die-passende_74945,Brille fuer grossen Kopf,Unmaintained how-to,,,,https://woolet.co/de/brille-fuer-breites-gesicht,T4-resource,new,2026-10-06,0,,[DR=66 TIER-C] No contact
2026-10-06,listicle,aurum-optics.pl,https://aurum-optics.pl/_blog/50-Oprawki_w_duzym_rozmiarze_-_jak_dobierac_i_komu_pasuja.html,Oprawki w duzym rozmiarze,Optician retailer blog 2020,Ray-Ban;Prada;Oakley,Weronika Kazmierczak,bok@aurum-optics.pl,https://woolet.co/pl/okulary-na-zamowienie,T1-listicle-gap,new,2026-10-06,0,,[DR=26 TIER-C] Stockist talk rather than link
